<?xml version="1.0" encoding="UTF-8"?>
<feed xmlns="http://www.w3.org/2005/Atom">


<item>
<index>0</index>
<daynum>Introduction</daynum>
<content:encoded><![CDATA[<p>Here's where the rubber meets the road. This is not just another book to read, this is a process for putting you on track for meaningful, purposeful, and profitable work. Follow this step-by-step process and you'll see your dreams come to life and experience the exhilarating joy of doing work that releases your passions and strongest abilities. Put yourself on this time schedule so you radically change your level of success if you have ever felt that your work is just a necessary exchange for a paycheck. Work through each step and keep moving even if you feel you could do more work on a particular step.  Each day's assignment refers to a section in the book. You may want to do a quick overview and read some of the examples of people who have dramatically changed their view of work as they found that sweet spot where work and play become indistinguishable. This is a process to get you through those inevitable and perhaps unwelcome transition points in your life.  Check off each day's activities as you complete them. See yourself getting closer and closer to the work you love. 
<br><b>Start the countdown - today is Day Number One.<br>
<br>
Here are some beginning tips for this process:
<br><ul>
<li>Talk to everyone; don't be secretive. Tell people about your future plans. Sharing your ideas will help you believe they are reachable and it will re-enforce your commitment to making them a reality.
<li>Integrate all material as you complete it. Each piece is important to accurately define the best opportunity for you.
<li>This schedule is designed to take approximately 30 minutes each day for the next 48 Days. Be consistent about taking at least that much time each day. Don't plan to just catch up on the weekends. The material will become more real if you digest a small portion each day.
<li>Write out your responses to the <i> Countdown to the Work I Love </i> questions at the end of each chapter. Your plan will become more real if you are writing it out. Don't just hope that general thinking will change your future. Without a clear plan you will repeat what you have already done.
</ul></b></p><br><br><br>]]></content:encoded></item>

<item>
<index>1</index>
<daynum>
Day 1
</daynum>
<content:encoded><![CDATA[<p>
Review this schedule. See yourself completing all steps on schedule as outlined. Recognize you are not waiting on your future to appear; you are going to
plan it.<br><br> Read the Introduction in <b><i>48 Days to the Work You Love</i></b> and sign and date the commitment at the end.</p>]]></content:encoded>
</item>
<item>
<index>2</index>
<daynum>Day 2</daynum>
<content:encoded><![CDATA[<p><b> Read Chapter One</b><br> Ask yourself what work has meant to you so far. Then ask yourself what you were born to do.  Has your work and what you were born to do been a match, or are they different? Complete the questions at the end of Chapter One.</p>]]></content:encoded>
</item>

<item>
<index>3</index>
<daynum>Day 3</daynum>
<content:encoded><![CDATA[<p><b>Read Chapter Two</b><br> 
Recap your own work history. How close to the national averages are you in the length of your jobs? Were the changes in your work a result of circumstances or something you did? Be careful in answering this.  Be totally honest with yourself.</p>]]></content:encoded>
</item>

<item>
<index>4</index>
<daynum>Day 4</daynum>
<content:encoded><![CDATA[<p>Completethe <b><i>Countdown to the Work I Love</i></b> questions at the end of Chapter Two. Write out your answers. Your plan will come alive if you write your responses. Realize you are simply clarifying your past at this point so you can then describe changes needed for the future you want.</p>]]></content:encoded>
</item>

<item>
<index>5</index>
<daynum>Day 5</daynum>
<content:encoded><![CDATA[<p><b>Read Chapter Three - <i>Creating a Life Plan</i></b><br>  Are you comfortable seeing work as simply one tool for a successful life? Are you making deposits of success in the other important life areas?</p>]]></content:encoded>
</item>
<item>
<index>6</index>
<daynum> Day 6</daynum>
<content:encoded><![CDATA[<p>Talk to 2 people today about your new understanding of vocation,career and job.  See if you can describe them in a way that gives those people new hope and inspiration. Complete the <b><i>
Countdown to the Work I Love</i></b> questions at the end of Chapter Three.</p>]]></content:encoded>
</item>

<item>
<index>7</index>
<daynum> Day 7</daynum>
<content:encoded><![CDATA[<p>Dan talks about people who have inspired him along the way. Name 3-4 people who have been positive mentors for you. Could you contact them again and ask for their advice?</p>]]></content:encoded>
</item>
<item>
<index>8</index>
<daynum> Day 8</daynum>
<content:encoded><![CDATA[<p><b>Read Chapter Four</b><br> Complete the Personal Checkup. Review the 7 Areas for Achievement. Success typically does not just happen.  It shows up as a result of making deposits that are positive, healthy and success building. What are you doing in each of the seven areas that is building the success you want?</p>]]></content:encoded>
</item>
<item>
<index>9</index>
<daynum> Day 9</daynum>
<content:encoded><![CDATA[<p>Describe a time in your life when indecision caused you to lose an opportunity. You have now learned a simple 5-step process for removing the crippling effects of indecision. Think about any major decision you have ever made. How long did it take you to make that decision? Will you agree that indecision in any area cripples us in other areas of our lives? Can you agree that 48 Days is long enough to:
<ol>
<li>State the problem</li>
<li>Get the advice and opinions of others</li>
<li>List the alternatives</li>
<li>Choose the best alternative</li>
<li>ACT.  Now complete the <b><i>Countdown to the Work I Love</b></i> questions at the end of Chapter Four.</li>
</ol><br><br><br></p>]]></content:encoded>
</item>
<item>
<index>10</index>
<daynum> Day 10</daynum>
<content:encoded><![CDATA[<p><b>Read Chapter Five</b> <br>Recognize that "divine discontent" is a good thing. It is likely God prompting you to take a fresh look at where you are and where you are going. Recognize that meaningful, purposeful work will integrate your:
<ul>
<li>Skills & Abilities 
<li>Personality Traits 
<li>Values, Dreams & Passions
</ul><br>
The more you know about yourself in these three areas, the easier it will be to recognize work that fits you.<br><br></p>]]></content:encoded>
</item>
<item>
<index>11</index>
<daynum>Day 11</daynum>
<content:encoded><![CDATA[<p>List your Personality Traits.<br>
Common personality traits are grouped into four categories:
<ol type="A">
<li><b>Dominance (Driver)-Lion	-- Eagle</b><br>Takes charge, likes power and authority, confident, very direct, bold, determined, competitive.
<li><b>Influencing (Expressive)-Otter  -- Peacock</b><br>Good talkers, outgoing, fun loving, impulsive, creative, energetic, optimistic, variety seeking, promoter.
<li><b>Steadiness (Amiable)-Golden Retriever  -- Dove</b><br>Loyal, good listener, calm, enjoys routine, sympathetic, patient, understanding, reliable, avoids conflict.
<li><b>Compliance (Analytical)-Beaver  -- Owl</b><br>Loves detail, very logical, diplomatic, factual, deliberate, controlled, inquisitive, predictable, resistant to change.
</ol>
<br> Ask others to help you see yourself through their eyes.  Recognize that you are unique; there is no merit in being like everyone else.
<br><br>
</p>]]></content:encoded>
</item>
<item>
<index>12</index>
<daynum>Day 12</daynum>
<content:encoded><![CDATA[<p><p>List your Dreams & Passions -- What is it that you find naturally enjoyable? If money were not important, what would you spend your time doing? When do you find the time just flying by? What are those recurring themes that keep coming up in your thinking? What did you enjoy as a child but perhaps have been told was unrealistic or impractical to focus on as a career? You must include these in some form in your work otherwise it will be missing a critical element.
</p>]]></content:encoded>
</item>
<item>
<index>13</index>
<daynum>Day 13</daynum>
<content:encoded><![CDATA[<p>Be comfortable with this process of looking inward. Many people look outward too quickly and jump at what appears to be an opportunity only to discover six months down the road that it is not a fit. You are doing the important work now. 85% of the process of choosing the right career path comes as a result of looking inward. 15% is the application of what you then know about yourself in finding or creating work that fits. Now complete the <b><i>Countdown to the Work I Love</i></b> questions at the end of Chapter Five.
</p>]]></content:encoded></item>
<item>
<index>14</index>
<daynum>Day 14</daynum>
<content:encoded><![CDATA[<p>Spend today believing that you were totally responsible for everything that has happened in your life so far. Just for today you can't blame anyone for anything. If you accept responsibility for your losses, you will also put yourself in the driver's seat for some big wins. Start imagining doing work that is fulfilling, meaningful and profitable every day from here forward.
</p>]]></content:encoded></item>
<item>
<index>15</index>
<daynum>Day 15</daynum>
<content:encoded><![CDATA[<p>Now we're getting to the "nuts and bolts."  Read Chapter Six. <br>Think through how your current resume sells you. Does it position you for what you want to continue doing, or is it just a historical overview of what you've done? Explore whether a chronological or a functional resume will serve you best.
</p>]]></content:encoded></item>
<item>
<index>16</index>
<daynum>Day 16</daynum>
<content:encoded><![CDATA[<p>Create your resume. List your Skills & Abilities -- Skill areas could include: Sales and Marketing, Administration, Budgeting, Computer Programming, Customer Service, Mechanical Ability, Accounting, Supervising, Graphic Design, Counseling, Training, Writing, Organization, etc. Use the <i>Sample Resumes</i> found in the Appendix of <i>48 Days to the Work You Love</i> to help create the resume you are confident will open doors for you in the work you love.
</p>]]></content:encoded></item>
<item>
<index>17</index>
<daynum>Day 17</daynum>
<content:encoded><![CDATA[<p>Make a list of 10-15 kinds of work that blend your (1) Skills & Abilities, (2) Personality Traits, and (3) Dreams & Passions. This is where you can start to get creative about what your work will look like. It may not be a traditional job but you can create it to fit you. Now complete the <b><i>Countdown to the Work I Love</i></b> questions at the end of Chapter Six.
</p>]]></content:encoded></item>
<item>
<index>18</index>
<daynum>Day 18</daynum>
<content:encoded><![CDATA[<p><b>Begin reading Chapter Seven</b> -- Finding Your Unique Path.<br>
Like the Robert Frost poem suggests, believe that you are going to find the "road less traveled by" and that will make the difference for you as well.
</p>]]></content:encoded></item>
<item>
<index>19</index>
<daynum>Day 19</daynum>
<content:encoded><![CDATA[<p>By now you may be seeing all the new job possibilities and the new models of work that don't look like traditional jobs. But even if you are considering starting your own business it's a good exercise to create a stellar resume. You need to clarify your 2 or 3 strongest areas of competence and be true to those, whatever the application may be. So now build your list of 30-40 organizations where there would be a potential match for your areas of competence. Spend two hours with your city directory or a national business search engine, where you can get a brief company history and profile, and the names of proper contact people.
</p>]]></content:encoded></item>
<item>
<index>20</index>
<daynum>Day 20</daynum>
<content:encoded><![CDATA[<p>Start the clock on your Job Search. Compose your <b>Introductory & Cover Letters</b>.  Use the samples found in the Appendix to shape your own. Now complete the 
<b><i>Countdown to the Work I Love</i></b> questions at the end of Chapter Seven.
</p>]]></content:encoded></item>
<item>
<index>21</index>
<daynum>Day 21</daynum>
<content:encoded><![CDATA[<p>Send first 15-20 introductory letters. Track your repeated contact and progress for each company.
</p>]]></content:encoded></item>
<item>
<index>22</index>
<daynum>Day 22</daynum>
<content:encoded><![CDATA[<p>Recognize that the traditional job is being challenged. Companies are looking for ways to pay for results rather than time. What are 3-4 ways you could offer to be paid for results in your current or soon to have job?
</p>]]></content:encoded></item>
<item>
<index>23</index>
<daynum>Day 23</daynum>
<content:encoded><![CDATA[<p>Talk to 2 people today who are already doing what you want to do. It will build your confidence that you can do the same thing.
</p>]]></content:encoded></item>
<item>
<index>24</index>
<daynum>Day 24</daynum>
<content:encoded><![CDATA[<p>You're halfway there. This is Day 24 of the 48. You've made a lot of progress. Stay positive! Remember this is a process. You are taking the initiative in contacting companies. You will contact some organizations that can't use you and don't know why you contacted them. But this is the way we find the 87% of those unadvertised positions. And this is how you bypass competitors, putting yourself in position for the best and most exciting opportunities.
</p>]]></content:encoded></item>
<item>
<index>25</index>
<daynum>Day 25</daynum>
<content:encoded><![CDATA[<p>Send first 15-20 <b>Resumes and Cover Letters</b>.
</p>]]></content:encoded></item>
<item>
<index>26</index>
<daynum>Day 26</daynum>
<content:encoded><![CDATA[<p>Send second 15-20 <b>Introductory Letters</b>.
</p>]]></content:encoded></item>
<item>
<index>27</index>
<daynum>Day 27</daynum>
<content:encoded><![CDATA[<p>Describe the work your parents did. Was it traditional? Was it a good "fit" for them? Did they enjoy it or just see it as a necessary evil? How has that influenced your view of work?
</p>]]></content:encoded></item>
<item>
<index>28</index>
<daynum>Day 28</daynum>
<content:encoded><![CDATA[<p><b>Begin reading Chapter Eight</b> -<i>Do They Like Me?</i><br>
Review information on <b>Interviewing</b>. Find someone to role play with you in a practice interview. Review the questions you will be prepared to answer. Then ask yourself if you would have been excited about bringing you on board. Your ability to sell yourself is critical in getting a job or starting a business.
</p>]]></content:encoded></item>
<item>
<index>29</index>
<daynum>Day 29</daynum>
<content:encoded><![CDATA[<p>Begin <b>Phone Follow-Up on 1st Resumes</b>.<br>
Begin to schedule interviews. Remember how critical this is. Your statistical odds of getting a job offer just from sending out resumes is 1 out of 254. Add an actual phone contact to that, and it jumps to 1 out of 15!. You are better off to send out 35 resumes and to follow-up than to send out 1000 where all you do is wait. Prepare to do great phone follow up calls with each of these resumes.
</p>]]></content:encoded></item>
<item>
<index>30</index>
<daynum>Day 30</daynum>
<content:encoded><![CDATA[<p>Send second15-20 <b>Resumes and Cover Letters</b>.<br>	
Now complete the <b><i>Countdown to the Work I Love</i></b> questions at the end of Chapter Eight.
</p>]]></content:encoded></item>
<item>
<index>31</index>
<daynum>Day 31</daynum>
<content:encoded><![CDATA[<p>From now on focus totally on what you are moving <b>TO</b>, not what you are moving <b>FROM</b>. Focusing on what you are coming <b>FROM</b> tends to keep anger, resentment, bitterness, discouragement and frustration high. Getting clear on what you are going <b>TO</b> will release hope, optimism, boldness and enthusiasm.
</p>]]></content:encoded></item>
<item>
<index>32</index>
<daynum>Day 32</daynum>
<content:encoded><![CDATA[<p><b>Read Chapter Nine</b> - <i>Show Me the Money</i>.<br>
Review helpful Internet sites for Salary ranges. You are going to be informed, sharp, enthusiastic, and confident. Know that once a company wants you and you want them, you are in a position to negotiate with confidence.
</p>]]></content:encoded></item>
<item>
<index>33</index>
<daynum>Day 33</daynum>
<content:encoded><![CDATA[<p>Imagine the work you are moving toward as a sacred activity the perfect expression of what you were put on earth to do. How would you feel at the end of the day with that kind of work? How would your life change?
</p>]]></content:encoded></item>
<item>
<index>34</index>
<daynum>Day 34</daynum>
<content:encoded><![CDATA[<p><b>Phone Follow-Up on 2nd set of Resumes</b>. Continue scheduling interviews with decision makers.
</p>]]></content:encoded></item>
<item>
<index>35</index>
<daynum>Day 35</daynum>
<content:encoded><![CDATA[<p>Think of someone you know who "failed" at something but then went on to great success. Call that person and ask them about that experience. Now complete the 
<b><i>Countdown to the Work I Love</i></b> questions at the end of Chapter Nine.
</p>]]></content:encoded></item>
<item>
<index>36</index>
<daynum>Day 36</daynum>
<content:encoded><![CDATA[<p><b>Read Chapter Ten - <i>Do You Have What it Takes? </i></b><br>
Have fun reviewing the 10 different kinds of work. See yourself being able to work in several different areas. Allow yourself to imagine working even in a couple areas where you have no experience or preparation. Just stretch your thinking about the possibilities.
</p>]]></content:encoded></item>
<item>
<index>37</index>
<daynum>Day 37</daynum>
<content:encoded><![CDATA[<p><b>Evaluate and Make Decisions</b>.<br> 
Ask for more information. Talk to people already working in prospective companies. Make any follow-up contacts from previous prospects where a decision had not been made. Remember, things change quickly and you have created "top of mind" positioning with many companies. You can do a quick review of any possibilities that you stirred up.
</p>]]></content:encoded></item>
<item>
<index>38</index>
<daynum>Day 38</daynum>
<content:encoded><![CDATA[<p>Write down 10 kinds of work you can think of where the person is paid for results rather then time. (For example - an artist, a dentist, the guy who mows your yard, etc.) Does the idea of being paid for results scare you or does it sound attractive? You could pay a person laying blocks for your new porch $1 per block rather than an hourly wage. Or a graphic designer $75 for a new book cover design rather than $18 an hour. List kinds of work you would be willing to do based on results only.
</p>]]></content:encoded></item>
<item>
<index>39</index>
<daynum>Day 39</daynum>
<content:encoded><![CDATA[<p>Write about a time when you took a "risk." Why was it risky? If you move toward something that fits you well, would you still consider that a "risk?" Why? Could it be a solid move that simply moves you closer to work you love and where your passion will override any fear of risk you may have? Now complete the 
<b><i>Countdown to the Work I Love</i></b> questions at the end of Chapter Ten.
</p>]]></content:encoded></item>
<item>
<index>40</index>
<daynum>Day 40</daynum>
<content:encoded><![CDATA[<p><b>Read Chapter Eleven</b> - <i>Skunks, Rags and Candy Bars</i>.<br> 
What unique skills do you have that may be the basis for your own business (writing, drawing, analyzing, singing, driving, thinking, creating, building, designing, etc.)?
</p>]]></content:encoded></item>
<item>
<index>41</index>
<daynum>Day 41</daynum>
<content:encoded><![CDATA[Download <b><i>Dan's 48 Low-Cost Business Ideas</i></b><br>
This will help you see ideas you could bring to life.
]]></content:encoded></item>
<item>
<index>42</index>
<daynum>Day 42</daynum>
<content:encoded><![CDATA[<p>Make a list of 20 ideas for businesses you could do on your own. The way to make more money is to find a way to 
<b><i>serve</i></b> more. Don't think that you can <b><i>take</i></b> from an employer and then <b><i>give back</i></b> to those in need. It doesn't work that way. If you give and serve all the time it will accelerate your path to success. Write out three things you are already doing to serve others well. How could you expand on those?
</p>]]></content:encoded></item>
<item>
<index>43</index>
<daynum>Day 43</daynum>
<content:encoded><![CDATA[<p><b>Read Chapter Twelve -</b> <i>Conclusion.</i><br> 
What idea do you have that may be your own <i>Acres of Diamonds</i>? 
Check out the growing group at www.48days.net who are developing their Acres of Diamonds ideas.
</p>]]></content:encoded></item>
<item>
<index>44</index>
<daynum>Day 44</daynum>
<content:encoded><![CDATA[<p>Review your list of 20 ideas. If you need to expand, go ahead and list even more. The way to find a great idea is to have lots of ideas first. Now narrow the list down to the best 3 or 4, based on what "fits" you best from Day 17.	Do some additional research on how you would start with those 3 or 4 ideas. Now complete the 
<b><i>Countdown to the Work I Love</i></b> questions at the end of Chapter Eleven.
</p>]]></content:encoded></item>
<item>
<index>45</index>
<daynum>Day 45</daynum>
<content:encoded><![CDATA[<p>Today, reflect on your goals and begin to "see" work that reflects the life you want - rather than allowing work to define the life you have. You really can have work that matters even as you recognize that work as simply one component of a successful life. Write two sentences that describe your thoughts about your "life" success.
</p>]]></content:encoded></item>
<item>
<index>46</index>
<daynum>Day 46</daynum>
<content:encoded><![CDATA[<p>Identify a decision you need to make in a non-work related area of your life. Just go through the process from Day #9 and make the decision <b><i>today</i></b>.  You'll be amazed at how freeing it is to get that behind you. Now complete the 
<b><i>Countdown to the Work I Love</i></b> questions at the end of Chapter Twelve.
</p>]]></content:encoded></item>
<item>
<index>47</index>
<daynum>Day 47</daynum>
<content:encoded><![CDATA[<p>Take a millionaire to lunch today. You will be surprised how available he/she is. Share that you are on a new path and just want their advice. Some people may be telling you that you can't do what you want to do. But a millionaire will encourage you to reach for your dreams. One of the hallmark characteristics of successful people is that they spend time with those people already performing at high levels. And be sure to pick up the tab for lunch.
</p>]]></content:encoded></item>
<item>
<index>48</index>
<daynum>Day 48</daynum>
<content:encoded><![CDATA[<p>Make your final plan - and BEGIN -- AND DON'T LOOK BACK FOR ONE YEAR.<br>
You must be committed. If you don't totally believe in what you are doing, no one else will. Commit to the focused, fulfilling, and directed choice. See this as the next "season" of your life.
<br><br>
<b><i>And congratulations on making the choices for fulfilling, meaningful - and profitable - work!</i></b>
</p>]]></content:encoded></item>
</feed>
</xml>
